{"cameraMode":{"drawMode":0,"name":"Shaded","section":"Shading Mode"},"sceneLighting":false,"audioPlay":false,"sceneViewState":{"showFog":true,"showMaterialUpdate":false,"showSkybox":false,"showFlares":true,"showImageEffects":true,"showParticleSystems":true},"in2DMode":false,"pivot":{"x":2.3499999046325685,"y":3.130000114440918,"z":-0.4300000071525574},"rotation":{"x":0.03329011797904968,"y":-0.029987182468175889,"z":0.0010237646056339145,"w":0.9990352988243103},"size":0.7144709229469299,"orthographic":false}